player,team,first_season,last_season
J Weatherald,Adelaide Strikers,2016/17,2024/25
BR Dunk,Adelaide Strikers,2016/17,2016/17
TM Head,Adelaide Strikers,2016/17,2015/16
BJ Hodge,Adelaide Strikers,2016/17,2015/16
KA Pollard,Adelaide Strikers,2016/17,2014/15
JS Lehmann,Adelaide Strikers,2016/17,2015/16
CJ Jordan,Adelaide Strikers,2016/17,2016/17
B Laughlin,Adelaide Strikers,2016/17,2015/16
KW Richardson,Adelaide Strikers,2016/17,2015/16
LN O'Connor,Adelaide Strikers,2016/17,2020/21
MG Neser,Adelaide Strikers,2016/17,2015/16
B Stanlake,Adelaide Strikers,2016/17,2015/16
TD Andrews,Adelaide Strikers,2016/17,2016/17
JR Dean,Adelaide Strikers,2016/17,2015/16
TP Ludeman,Adelaide Strikers,2016/17,2015/16
KR Smith,Adelaide Strikers,2016/17,2014/15
IS Sodhi,Adelaide Strikers,2016/17,2016/17
WA Agar,Adelaide Strikers,2016/17,2023/24
AT Carey,Adelaide Strikers,2016/17,2025/26
CA Ingram,Adelaide Strikers,2017/18,2018/19
JW Wells,Adelaide Strikers,2017/18,2021/22
Rashid Khan,Adelaide Strikers,2017/18,2022/23
PM Siddle,Adelaide Strikers,2017/18,2022/23
HJ Nielsen,Adelaide Strikers,2017/18,2025/26
MW Short,Adelaide Strikers,2018/19,2025/26
C Valente,Adelaide Strikers,2018/19,2020/21
PD Salt,Adelaide Strikers,2019/20,2020/21
CL White,Adelaide Strikers,2019/20,2019/20
HNA Conway,Adelaide Strikers,2019/20,2022/23
MT Renshaw,Adelaide Strikers,2020/21,2021/22
RJ Gibson,Adelaide Strikers,2020/21,2022/23
DR Briggs,Adelaide Strikers,2020/21,2020/21
DJ Worrall,Adelaide Strikers,2020/21,2021/22
L Scott,Adelaide Strikers,2020/21,2025/26
DR Drew,Adelaide Strikers,2021/22,2021/22
GHS Garton,Adelaide Strikers,2021/22,2021/22
T Kelly,Adelaide Strikers,2021/22,2023/24
Fawad Ahmed,Adelaide Strikers,2021/22,2021/22
HJ Hunt,Adelaide Strikers,2021/22,2022/23
IA Cockbain,Adelaide Strikers,2021/22,2021/22
HTRY Thornton,Adelaide Strikers,2021/22,2025/26
CA Lynn,Adelaide Strikers,2022/23,2025/26
AJ Hose,Adelaide Strikers,2022/23,2023/24
C de Grandhomme,Adelaide Strikers,2022/23,2022/23
BAD Manenti,Adelaide Strikers,2022/23,2023/24
CJ Boyce,Adelaide Strikers,2022/23,2012/13
DJM Short,Adelaide Strikers,2023/24,2024/25
J Overton,Adelaide Strikers,2023/24,2025/26
JJ Bazley,Adelaide Strikers,2023/24,2024/25
DA Payne,Adelaide Strikers,2023/24,2023/24
B Doggett,Adelaide Strikers,2023/24,2024/25
L Pope,Adelaide Strikers,2023/24,2025/26
AI Ross,Adelaide Strikers,2024/25,2015/16
FA Allen,Adelaide Strikers,2024/25,2024/25
OJ Pope,Adelaide Strikers,2024/25,2024/25
JS Buckingham,Adelaide Strikers,2024/25,2024/25
L Haskett,Adelaide Strikers,2024/25,2024/25
HJ Manenti,Adelaide Strikers,2024/25,2025/26
JJS Sangha,Adelaide Strikers,2025/26,2025/26
L Wood,Adelaide Strikers,2025/26,2025/26
Hasan Ali,Adelaide Strikers,2025/26,2025/26
J Wadia,Adelaide Strikers,2025/26,2025/26
MW Harvey,Adelaide Strikers,2025/26,2025/26
T Shamsi,Adelaide Strikers,2025/26,2025/26
DJ Harris,Adelaide Strikers,2011/12,2011/12
M Klinger,Adelaide Strikers,2011/12,2013/14
CJ Ferguson,Adelaide Strikers,2011/12,2013/14
AC Blizzard,Adelaide Strikers,2011/12,2011/12
AJ Crosthwaite,Adelaide Strikers,2011/12,2011/12
CJ Borgas,Adelaide Strikers,2011/12,2011/12
J Botha,Adelaide Strikers,2011/12,2014/15
AW O'Brien,Adelaide Strikers,2011/12,2011/12
AC Thomas,Adelaide Strikers,2011/12,2011/12
NM Lyon,Adelaide Strikers,2011/12,2012/13
BE McGain,Adelaide Strikers,2011/12,2011/12
TLW Cooper,Adelaide Strikers,2011/12,2011/12
BG Drew,Adelaide Strikers,2011/12,2011/12
DR Salpietro,Adelaide Strikers,2011/12,2011/12
JM Muirhead,Adelaide Strikers,2011/12,2011/12
JEC Franklin,Adelaide Strikers,2011/12,2011/12
PJ Hughes,Adelaide Strikers,2012/13,2013/14
NJ Reardon,Adelaide Strikers,2012/13,2013/14
TP Doropoulos,Adelaide Strikers,2012/13,2012/13
GD Putland,Adelaide Strikers,2012/13,2015/16
Saeed Ajmal,Adelaide Strikers,2012/13,2012/13
JD Smith,Adelaide Strikers,2012/13,2012/13
SW Tait,Adelaide Strikers,2012/13,2014/15
MJ Johnston,Adelaide Strikers,2012/13,2012/13
BE Young,Adelaide Strikers,2012/13,2012/13
AD Hales,Adelaide Strikers,2013/14,2013/14
BS Oakley,Adelaide Strikers,2013/14,2013/14
A Zampa,Adelaide Strikers,2013/14,2014/15
Shakib Al Hasan,Adelaide Strikers,2013/14,2013/14
JM Holland,Adelaide Strikers,2013/14,2015/16
CJ Simmons,Adelaide Strikers,2014/15,2015/16
TL Lawford,Adelaide Strikers,2014/15,2014/15
RN ten Doeschate,Adelaide Strikers,2014/15,2014/15
DPMD Jayawardene,Adelaide Strikers,2015/16,2015/16
AU Rashid,Adelaide Strikers,2015/16,2015/16
HP Kingston,Adelaide Strikers,2015/16,2015/16
GA West,Adelaide Strikers,2015/16,2015/16
JJ Peirson,Brisbane Heat,2016/17,2015/16
BB McCullum,Brisbane Heat,2016/17,2011/12
CA Lynn,Brisbane Heat,2016/17,2015/16
AI Ross,Brisbane Heat,2016/17,2018/19
BCJ Cutting,Brisbane Heat,2016/17,2015/16
JA Burns,Brisbane Heat,2016/17,2015/16
S Badree,Brisbane Heat,2016/17,2015/16
JS Floros,Brisbane Heat,2016/17,2015/16
MT Steketee,Brisbane Heat,2016/17,2015/16
MJ Swepson,Brisbane Heat,2016/17,2015/16
JD Wildermuth,Brisbane Heat,2016/17,2025/26
ND Buchanan,Brisbane Heat,2016/17,2011/12
NJ Reardon,Brisbane Heat,2016/17,2015/16
SD Heazlett,Brisbane Heat,2016/17,2015/16
TS Mills,Brisbane Heat,2016/17,2016/17
M Labuschagne,Brisbane Heat,2016/17,2025/26
Shadab Khan,Brisbane Heat,2017/18,2017/18
JK Lalor,Brisbane Heat,2017/18,2015/16
B Doggett,Brisbane Heat,2017/18,2018/19
CJ Gannon,Brisbane Heat,2017/18,2014/15
Yasir Shah,Brisbane Heat,2017/18,2017/18
MT Renshaw,Brisbane Heat,2017/18,2025/26
M Bryant,Brisbane Heat,2018/19,2025/26
JL Pattinson,Brisbane Heat,2018/19,2019/20
Mujeeb Ur Rahman,Brisbane Heat,2018/19,2021/22
JA Prestwidge,Brisbane Heat,2018/19,2019/20
MP Kuhnemann,Brisbane Heat,2018/19,2025/26
T Banton,Brisbane Heat,2019/20,2024/25
B Laughlin,Brisbane Heat,2019/20,2020/21
Zahir Khan,Brisbane Heat,2019/20,2019/20
AB de Villiers,Brisbane Heat,2019/20,2019/20
JL Denly,Brisbane Heat,2020/21,2020/21
L Gregory,Brisbane Heat,2020/21,2020/21
JJ Bazley,Brisbane Heat,2020/21,2022/23
XC Bartlett,Brisbane Heat,2020/21,2025/26
M Morkel,Brisbane Heat,2020/21,2020/21
DW Lawrence,Brisbane Heat,2020/21,2020/21
TLW Cooper,Brisbane Heat,2020/21,2021/22
S Milenko,Brisbane Heat,2020/21,2014/15
JP Wood,Brisbane Heat,2020/21,2024/25
BM Duckett,Brisbane Heat,2021/22,2021/22
L Guthrie,Brisbane Heat,2021/22,2021/22
TB Abell,Brisbane Heat,2021/22,2021/22
JS Lehmann,Brisbane Heat,2021/22,2021/22
J Clayton,Brisbane Heat,2021/22,2021/22
Fakhar Zaman,Brisbane Heat,2021/22,2021/22
LD Pfeffer,Brisbane Heat,2021/22,2021/22
S McGiffin,Brisbane Heat,2021/22,2021/22
W Prestwidge,Brisbane Heat,2021/22,2024/25
RH McDonald,Brisbane Heat,2021/22,2021/22
DMK Grant,Brisbane Heat,2021/22,2021/22
PG Dooley,Brisbane Heat,2021/22,2025/26
NA McSweeney,Brisbane Heat,2021/22,2025/26
MG Neser,Brisbane Heat,2021/22,2011/12
J Brown,Brisbane Heat,2022/23,2023/24
C Munro,Brisbane Heat,2022/23,2025/26
SW Billings,Brisbane Heat,2022/23,2023/24
RA Whiteley,Brisbane Heat,2022/23,2022/23
UT Khawaja,Brisbane Heat,2022/23,2025/26
SH Johnson,Brisbane Heat,2022/23,2024/25
SR Hain,Brisbane Heat,2022/23,2022/23
PI Walter,Brisbane Heat,2023/24,2024/25
CA Wakim,Brisbane Heat,2023/24,2023/24
DR Drew,Brisbane Heat,2024/25,2024/25
T Whitney,Brisbane Heat,2024/25,2024/25
TP Alsop,Brisbane Heat,2024/25,2025/26
HD Weibgen,Brisbane Heat,2025/26,2025/26
Shaheen Shah Afridi,Brisbane Heat,2025/26,2025/26
L Haskett,Brisbane Heat,2025/26,2025/26
Thomas Balkin,Brisbane Heat,2025/26,2025/26
LD Hearne,Brisbane Heat,2025/26,2025/26
O Patterson,Brisbane Heat,2025/26,2025/26
Zaman Khan,Brisbane Heat,2025/26,2025/26
ML Hayden,Brisbane Heat,2011/12,2011/12
JR Hopes,Brisbane Heat,2011/12,2015/16
DT Christian,Brisbane Heat,2011/12,2014/15
AW Robinson,Brisbane Heat,2011/12,2011/12
PJ Forrest,Brisbane Heat,2011/12,2015/16
CD Hartley,Brisbane Heat,2011/12,2012/13
NM Hauritz,Brisbane Heat,2011/12,2013/14
AC McDermott,Brisbane Heat,2011/12,2014/15
RJ Harris,Brisbane Heat,2011/12,2013/14
RE van der Merwe,Brisbane Heat,2011/12,2011/12
DL Vettori,Brisbane Heat,2011/12,2014/15
CR Swan,Brisbane Heat,2011/12,2011/12
SR Watson,Brisbane Heat,2012/13,2012/13
LA Pomersbach,Brisbane Heat,2012/13,2013/14
NLTC Perera,Brisbane Heat,2012/13,2012/13
KAJ Roach,Brisbane Heat,2012/13,2012/13
CJM Sabburg,Brisbane Heat,2012/13,2013/14
C Kieswetter,Brisbane Heat,2013/14,2013/14
BR McDermott,Brisbane Heat,2013/14,2013/14
A Flintoff,Brisbane Heat,2014/15,2014/15
RM Duffield,Brisbane Heat,2014/15,2014/15
SD Parry,Brisbane Heat,2014/15,2014/15
LMP Simmons,Brisbane Heat,2015/16,2015/16
AL Fekete,Brisbane Heat,2015/16,2015/16
LW Feldman,Brisbane Heat,2015/16,2015/16
TD Paine,Hobart Hurricanes,2016/17,2015/16
DJM Short,Hobart Hurricanes,2016/17,2022/23
KC Sangakkara,Hobart Hurricanes,2016/17,2015/16
GJ Bailey,Hobart Hurricanes,2016/17,2015/16
DT Christian,Hobart Hurricanes,2016/17,2015/16
DP Michael,Hobart Hurricanes,2016/17,2016/17
HP Kingston,Hobart Hurricanes,2016/17,2016/17
CJ Boyce,Hobart Hurricanes,2016/17,2015/16
CA Rose,Hobart Hurricanes,2016/17,2015/16
SCJ Broad,Hobart Hurricanes,2016/17,2016/17
SW Tait,Hobart Hurricanes,2016/17,2015/16
JW Wells,Hobart Hurricanes,2016/17,2015/16
S Milenko,Hobart Hurricanes,2016/17,2015/16
BJ Webster,Hobart Hurricanes,2016/17,2025/26
BR McDermott,Hobart Hurricanes,2016/17,2025/26
SL Rainbird,Hobart Hurricanes,2016/17,2015/16
JK Reed,Hobart Hurricanes,2016/17,2015/16
AJ Doolan,Hobart Hurricanes,2017/18,2018/19
MS Wade,Hobart Hurricanes,2017/18,2025/26
JC Archer,Hobart Hurricanes,2017/18,2018/19
TS Mills,Hobart Hurricanes,2017/18,2017/18
AW Summers,Hobart Hurricanes,2017/18,2017/18
TS Rogers,Hobart Hurricanes,2017/18,2021/22
NJ Reardon,Hobart Hurricanes,2017/18,2017/18
RP Meredith,Hobart Hurricanes,2017/18,2025/26
JP Faulkner,Hobart Hurricanes,2018/19,2020/21
J Botha,Hobart Hurricanes,2018/19,2020/21
JR Doran,Hobart Hurricanes,2018/19,2024/25
CP Jewell,Hobart Hurricanes,2018/19,2024/25
DJM Moody,Hobart Hurricanes,2018/19,2018/19
JA Freeman,Hobart Hurricanes,2018/19,2018/19
Qais Ahmad,Hobart Hurricanes,2018/19,2019/20
DA Miller,Hobart Hurricanes,2019/20,2019/20
NT Ellis,Hobart Hurricanes,2019/20,2025/26
M Wright,Hobart Hurricanes,2019/20,2025/26
SM Boland,Hobart Hurricanes,2019/20,2021/22
DJ Malan,Hobart Hurricanes,2020/21,2020/21
WG Jacks,Hobart Hurricanes,2020/21,2020/21
TH David,Hobart Hurricanes,2020/21,2025/26
NP Winter,Hobart Hurricanes,2020/21,2020/21
S Lamichhane,Hobart Hurricanes,2020/21,2021/22
PSP Handscomb,Hobart Hurricanes,2020/21,2021/22
CA Ingram,Hobart Hurricanes,2020/21,2020/21
KMA Paul,Hobart Hurricanes,2020/21,2020/21
MJ Owen,Hobart Hurricanes,2020/21,2025/26
W Parker,Hobart Hurricanes,2020/21,2022/23
TA Lammonby,Hobart Hurricanes,2021/22,2021/22
JM Cox,Hobart Hurricanes,2021/22,2021/22
JS Paris,Hobart Hurricanes,2021/22,2022/23
JA Thompson,Hobart Hurricanes,2021/22,2021/22
J Kann,Hobart Hurricanes,2021/22,2021/22
HC Brook,Hobart Hurricanes,2021/22,2021/22
W Sanders,Hobart Hurricanes,2021/22,2021/22
Shadab Khan,Hobart Hurricanes,2022/23,2022/23
Asif Ali,Hobart Hurricanes,2022/23,2022/23
JDS Neesham,Hobart Hurricanes,2022/23,2022/23
PG Dooley,Hobart Hurricanes,2022/23,2023/24
Faheem Ashraf,Hobart Hurricanes,2022/23,2022/23
Z Crawley,Hobart Hurricanes,2022/23,2022/23
TD Andrews,Hobart Hurricanes,2022/23,2022/23
SR Hain,Hobart Hurricanes,2023/24,2023/24
CJ Anderson,Hobart Hurricanes,2023/24,2023/24
CJ Jordan,Hobart Hurricanes,2023/24,2025/26
P Hatzoglou,Hobart Hurricanes,2023/24,2024/25
Nikhil Chaudhary,Hobart Hurricanes,2023/24,2025/26
B Stanlake,Hobart Hurricanes,2023/24,2025/26
SD Hope,Hobart Hurricanes,2024/25,2024/25
Waqar Salamkheil,Hobart Hurricanes,2024/25,2024/25
CA Wakim,Hobart Hurricanes,2024/25,2024/25
M Bean,Hobart Hurricanes,2024/25,2024/25
CJ Gannon,Hobart Hurricanes,2024/25,2024/25
Rehan Ahmed,Hobart Hurricanes,2025/26,2025/26
Rishad Hossain,Hobart Hurricanes,2025/26,2025/26
TP Ward,Hobart Hurricanes,2025/26,2025/26
W Prestwidge,Hobart Hurricanes,2025/26,2025/26
PA Jaques,Hobart Hurricanes,2011/12,2011/12
RT Ponting,Hobart Hurricanes,2011/12,2012/13
TR Birt,Hobart Hurricanes,2011/12,2014/15
OA Shah,Hobart Hurricanes,2011/12,2013/14
TIF Triffitt,Hobart Hurricanes,2011/12,2011/12
RJG Lockyear,Hobart Hurricanes,2011/12,2011/12
JJ Krejza,Hobart Hurricanes,2011/12,2012/13
Naved-ul-Hasan,Hobart Hurricanes,2011/12,2011/12
XJ Doherty,Hobart Hurricanes,2011/12,2014/15
BW Hilfenhaus,Hobart Hurricanes,2011/12,2014/15
B Laughlin,Hobart Hurricanes,2011/12,2013/14
MJ Johnston,Hobart Hurricanes,2011/12,2011/12
MG Hogan,Hobart Hurricanes,2011/12,2012/13
MJ Cosgrove,Hobart Hurricanes,2011/12,2011/12
SB Styris,Hobart Hurricanes,2012/13,2012/13
EP Gulbis,Hobart Hurricanes,2012/13,2014/15
DE Bollinger,Hobart Hurricanes,2012/13,2013/14
AC Blizzard,Hobart Hurricanes,2012/13,2013/14
BR Dunk,Hobart Hurricanes,2013/14,2015/16
JM Mennie,Hobart Hurricanes,2013/14,2015/16
Shoaib Malik,Hobart Hurricanes,2013/14,2014/15
AD Mascarenhas,Hobart Hurricanes,2013/14,2013/14
AD Hales,Hobart Hurricanes,2014/15,2014/15
DJG Sammy,Hobart Hurricanes,2014/15,2015/16
T van der Gugten,Hobart Hurricanes,2014/15,2014/15
MW Hill,Hobart Hurricanes,2014/15,2015/16
TT Bresnan,Hobart Hurricanes,2014/15,2014/15
MS Harris,Melbourne Renegades,2016/17,2024/25
AJ Finch,Melbourne Renegades,2016/17,2015/16
CL White,Melbourne Renegades,2016/17,2015/16
CJ Ferguson,Melbourne Renegades,2016/17,2014/15
DJ Bravo,Melbourne Renegades,2016/17,2015/16
TLW Cooper,Melbourne Renegades,2016/17,2015/16
PM Nevill,Melbourne Renegades,2016/17,2015/16
CP Tremain,Melbourne Renegades,2016/17,2015/16
SP Narine,Melbourne Renegades,2016/17,2016/17
NJ Rimmington,Melbourne Renegades,2016/17,2015/16
GB Hogg,Melbourne Renegades,2016/17,2017/18
TL Lawford,Melbourne Renegades,2016/17,2016/17
CAH Stevenson,Melbourne Renegades,2016/17,2015/16
JL Pattinson,Melbourne Renegades,2016/17,2014/15
NLTC Perera,Melbourne Renegades,2016/17,2016/17
MW Short,Melbourne Renegades,2016/17,2014/15
XJ Doherty,Melbourne Renegades,2016/17,2015/16
AG Harriott,Melbourne Renegades,2016/17,2016/17
BJ Hodge,Melbourne Renegades,2017/18,2011/12
TP Ludeman,Melbourne Renegades,2017/18,2018/19
JD Wildermuth,Melbourne Renegades,2017/18,2019/20
Mohammad Nabi,Melbourne Renegades,2017/18,2021/22
KW Richardson,Melbourne Renegades,2017/18,2024/25
BJ Webster,Melbourne Renegades,2017/18,2020/21
JM Holland,Melbourne Renegades,2017/18,2020/21
KA Pollard,Melbourne Renegades,2017/18,2017/18
JM Mennie,Melbourne Renegades,2017/18,2019/20
SB Harper,Melbourne Renegades,2018/19,2022/23
DT Christian,Melbourne Renegades,2018/19,2019/20
W Sutherland,Melbourne Renegades,2018/19,2025/26
CJ Boyce,Melbourne Renegades,2018/19,2021/22
Usman Shinwari,Melbourne Renegades,2018/19,2018/19
KR Smith,Melbourne Renegades,2018/19,2018/19
MW Harvey,Melbourne Renegades,2018/19,2024/25
HF Gurney,Melbourne Renegades,2018/19,2019/20
SE Marsh,Melbourne Renegades,2019/20,2023/24
RJ Gleeson,Melbourne Renegades,2019/20,2019/20
TD Andrews,Melbourne Renegades,2019/20,2019/20
SR Patel,Melbourne Renegades,2019/20,2019/20
AL Fekete,Melbourne Renegades,2019/20,2014/15
NA McSweeney,Melbourne Renegades,2019/20,2019/20
BJ Stepien,Melbourne Renegades,2019/20,2019/20
Z Evans,Melbourne Renegades,2019/20,2021/22
JA Prestwidge,Melbourne Renegades,2020/21,2022/23
J Fraser-McGurk,Melbourne Renegades,2020/21,2025/26
Imad Wasim,Melbourne Renegades,2020/21,2020/21
P Hatzoglou,Melbourne Renegades,2020/21,2020/21
Noor Ahmad,Melbourne Renegades,2020/21,2020/21
RR Rossouw,Melbourne Renegades,2020/21,2020/21
JK Lalor,Melbourne Renegades,2020/21,2021/22
BAC Howell,Melbourne Renegades,2020/21,2020/21
M Perry,Melbourne Renegades,2020/21,2020/21
J Seymour,Melbourne Renegades,2021/22,2021/22
J Merlo,Melbourne Renegades,2021/22,2021/22
RJW Topley,Melbourne Renegades,2021/22,2021/22
Zahir Khan,Melbourne Renegades,2021/22,2021/22
NJ Maddinson,Melbourne Renegades,2021/22,2023/24
UBT Chand,Melbourne Renegades,2021/22,2021/22
JW Wells,Melbourne Renegades,2022/23,2024/25
AD Russell,Melbourne Renegades,2022/23,2014/15
AJ Hosein,Melbourne Renegades,2022/23,2023/24
TS Rogers,Melbourne Renegades,2022/23,2024/25
Mujeeb Ur Rahman,Melbourne Renegades,2022/23,2023/24
DJM Moody,Melbourne Renegades,2022/23,2022/23
MJ Guptill,Melbourne Renegades,2022/23,2022/23
PSP Handscomb,Melbourne Renegades,2022/23,2022/23
MJJ Critchley,Melbourne Renegades,2022/23,2022/23
RP Kellepotha,Melbourne Renegades,2022/23,2023/24
Fawad Ahmed,Melbourne Renegades,2022/23,2014/15
CJ Rocchiccioli,Melbourne Renegades,2022/23,2022/23
JM Clarke,Melbourne Renegades,2023/24,2023/24
JM Cox,Melbourne Renegades,2023/24,2023/24
A Zampa,Melbourne Renegades,2023/24,2025/26
Q de Kock,Melbourne Renegades,2023/24,2023/24
PM Siddle,Melbourne Renegades,2023/24,2014/15
F O'Neill,Melbourne Renegades,2023/24,2025/26
J Brown,Melbourne Renegades,2024/25,2025/26
TL Seifert,Melbourne Renegades,2024/25,2025/26
LJ Evans,Melbourne Renegades,2024/25,2024/25
Hassan Khan,Melbourne Renegades,2024/25,2025/26
JG Bethell,Melbourne Renegades,2024/25,2024/25
XA Crone,Melbourne Renegades,2024/25,2024/25
GS Sandhu,Melbourne Renegades,2024/25,2025/26
HT Dixon,Melbourne Renegades,2024/25,2025/26
C Stow,Melbourne Renegades,2024/25,2025/26
TS Muyeye,Melbourne Renegades,2024/25,2024/25
Josh Brown,Melbourne Renegades,2024/25,2024/25
OJ Peake,Melbourne Renegades,2024/25,2025/26
Mohammad Rizwan,Melbourne Renegades,2025/26,2025/26
M Spoors,Melbourne Renegades,2025/26,2025/26
JP Behrendorff,Melbourne Renegades,2025/26,2025/26
AJ Tye,Melbourne Renegades,2025/26,2025/26
SM Elliott,Melbourne Renegades,2025/26,2025/26
CP Jewell,Melbourne Renegades,2025/26,2025/26
B Doggett,Melbourne Renegades,2025/26,2025/26
MW Archer,Melbourne Renegades,2025/26,2025/26
MJ Buchanan,Melbourne Renegades,2011/12,2011/12
GJ Maxwell,Melbourne Renegades,2011/12,2011/12
Shahid Afridi,Melbourne Renegades,2011/12,2011/12
AB McDonald,Melbourne Renegades,2011/12,2011/12
NJ Reardon,Melbourne Renegades,2011/12,2011/12
Abdul Razzaq,Melbourne Renegades,2011/12,2011/12
GA Manou,Melbourne Renegades,2011/12,2011/12
AK Heal,Melbourne Renegades,2011/12,2011/12
DP Nannes,Melbourne Renegades,2011/12,2011/12
SW Tait,Melbourne Renegades,2011/12,2011/12
WD Sheridan,Melbourne Renegades,2011/12,2013/14
SM Harwood,Melbourne Renegades,2011/12,2011/12
BG McDonald,Melbourne Renegades,2011/12,2011/12
JM Herrick,Melbourne Renegades,2011/12,2013/14
DJ Harris,Melbourne Renegades,2012/13,2013/14
F du Plessis,Melbourne Renegades,2012/13,2012/13
BJ Rohrer,Melbourne Renegades,2012/13,2014/15
AW O'Brien,Melbourne Renegades,2012/13,2013/14
DJ Pattinson,Melbourne Renegades,2012/13,2012/13
M Muralitharan,Melbourne Renegades,2012/13,2013/14
MN Samuels,Melbourne Renegades,2012/13,2012/13
MW Hill,Melbourne Renegades,2012/13,2013/14
AJ Doolan,Melbourne Renegades,2012/13,2014/15
AD Hales,Melbourne Renegades,2012/13,2012/13
JC Buttler,Melbourne Renegades,2013/14,2013/14
MG Gale,Melbourne Renegades,2013/14,2013/14
SF Mire,Melbourne Renegades,2013/14,2013/14
MS Wade,Melbourne Renegades,2014/15,2015/16
NP Winter,Melbourne Renegades,2014/15,2014/15
BA Stokes,Melbourne Renegades,2014/15,2014/15
TM Beaton,Melbourne Renegades,2014/15,2015/16
Shakib Al Hasan,Melbourne Renegades,2014/15,2014/15
CH Gayle,Melbourne Renegades,2015/16,2015/16
GL Walker,Melbourne Renegades,2015/16,2015/16
CJ Gannon,Melbourne Renegades,2015/16,2015/16
NM Hauritz,Melbourne Renegades,2015/16,2015/16
A Ayre,Melbourne Renegades,2015/16,2015/16
BR McDermott,Melbourne Renegades,2015/16,2015/16
RJ Quiney,Melbourne Stars,2016/17,2015/16
LJ Wright,Melbourne Stars,2016/17,2015/16
GJ Maxwell,Melbourne Stars,2016/17,2015/16
DJ Hussey,Melbourne Stars,2016/17,2015/16
JP Faulkner,Melbourne Stars,2016/17,2015/16
BW Hilfenhaus,Melbourne Stars,2016/17,2015/16
SM Boland,Melbourne Stars,2016/17,2015/16
SB Harper,Melbourne Stars,2016/17,2025/26
MP Stoinis,Melbourne Stars,2016/17,2015/16
MA Beer,Melbourne Stars,2016/17,2015/16
A Zampa,Melbourne Stars,2016/17,2015/16
KP Pietersen,Melbourne Stars,2016/17,2015/16
PSP Handscomb,Melbourne Stars,2016/17,2015/16
EP Gulbis,Melbourne Stars,2016/17,2015/16
L Bowe,Melbourne Stars,2016/17,2018/19
CJ Gannon,Melbourne Stars,2016/17,2016/17
SE Gotch,Melbourne Stars,2016/17,2020/21
DJ Worrall,Melbourne Stars,2016/17,2015/16
BR Dunk,Melbourne Stars,2017/18,2020/21
JW Hastings,Melbourne Stars,2017/18,2015/16
JR Coleman,Melbourne Stars,2017/18,2019/20
D Fallins,Melbourne Stars,2017/18,2017/18
TJ Dean,Melbourne Stars,2018/19,2021/22
DJ Bravo,Melbourne Stars,2018/19,2018/19
NCR Larkin,Melbourne Stars,2018/19,2023/24
S Lamichhane,Melbourne Stars,2018/19,2019/20
J Merlo,Melbourne Stars,2018/19,2025/26
LE Plunkett,Melbourne Stars,2018/19,2018/19
NJ Maddinson,Melbourne Stars,2018/19,2020/21
JM Bird,Melbourne Stars,2018/19,2014/15
TL O'Connell,Melbourne Stars,2018/19,2021/22
HWR Cartwright,Melbourne Stars,2019/20,2025/26
CD Hinchliffe,Melbourne Stars,2019/20,2022/23
Haris Rauf,Melbourne Stars,2019/20,2025/26
NM Coulter-Nile,Melbourne Stars,2019/20,2023/24
DW Steyn,Melbourne Stars,2019/20,2019/20
LR Morris,Melbourne Stars,2019/20,2020/21
Dilbar Hussain,Melbourne Stars,2019/20,2020/21
ADS Fletcher,Melbourne Stars,2020/21,2020/21
LC Hatcher,Melbourne Stars,2020/21,2025/26
B Stanlake,Melbourne Stars,2020/21,2020/21
N Pooran,Melbourne Stars,2020/21,2020/21
SL Rainbird,Melbourne Stars,2020/21,2021/22
Zahir Khan,Melbourne Stars,2020/21,2020/21
JM Clarke,Melbourne Stars,2021/22,2025/26
PM Nevill,Melbourne Stars,2021/22,2021/22
BJ Webster,Melbourne Stars,2021/22,2024/25
SM Elliott,Melbourne Stars,2021/22,2021/22
BL Couch,Melbourne Stars,2021/22,2024/25
Syed Faridoun,Melbourne Stars,2021/22,2021/22
AD Russell,Melbourne Stars,2021/22,2021/22
Qais Ahmad,Melbourne Stars,2021/22,2021/22
JA Burns,Melbourne Stars,2021/22,2023/24
TF Rogers,Melbourne Stars,2021/22,2025/26
CA Wakim,Melbourne Stars,2021/22,2021/22
J Avendano,Melbourne Stars,2021/22,2021/22
XA Crone,Melbourne Stars,2021/22,2021/22
P Rowe,Melbourne Stars,2021/22,2021/22
Ahmed Daniyal,Melbourne Stars,2021/22,2021/22
L Wood,Melbourne Stars,2022/23,2022/23
TA Boult,Melbourne Stars,2022/23,2022/23
C Kellaway,Melbourne Stars,2022/23,2025/26
J Seymour,Melbourne Stars,2022/23,2022/23
LA Dawson,Melbourne Stars,2023/24,2023/24
Usama Mir,Melbourne Stars,2023/24,2024/25
JS Paris,Melbourne Stars,2023/24,2024/25
OP Stone,Melbourne Stars,2023/24,2023/24
MT Steketee,Melbourne Stars,2023/24,2024/25
Imad Wasim,Melbourne Stars,2023/24,2023/24
DW Lawrence,Melbourne Stars,2023/24,2024/25
CJ Rocchiccioli,Melbourne Stars,2023/24,2023/24
TK Curran,Melbourne Stars,2024/25,2025/26
H McKenzie,Melbourne Stars,2024/25,2024/25
AF Milne,Melbourne Stars,2024/25,2024/25
PM Siddle,Melbourne Stars,2024/25,2025/26
BM Duckett,Melbourne Stars,2024/25,2024/25
D Warren,Melbourne Stars,2024/25,2024/25
MJ Swepson,Melbourne Stars,2025/26,2025/26
BD Macdonald,Melbourne Stars,2025/26,2025/26
MS Wade,Melbourne Stars,2011/12,2013/14
GJ Bailey,Melbourne Stars,2011/12,2011/12
CL White,Melbourne Stars,2011/12,2014/15
AC Voges,Melbourne Stars,2011/12,2011/12
CJ McKay,Melbourne Stars,2011/12,2014/15
SK Warne,Melbourne Stars,2011/12,2012/13
JW Dernbach,Melbourne Stars,2011/12,2011/12
CP Simpson,Melbourne Stars,2011/12,2011/12
BJ Hodge,Melbourne Stars,2012/13,2013/14
SL Malinga,Melbourne Stars,2012/13,2013/14
CA Rose,Melbourne Stars,2012/13,2014/15
AD Mascarenhas,Melbourne Stars,2012/13,2012/13
AR Keath,Melbourne Stars,2012/13,2014/15
JM Muirhead,Melbourne Stars,2013/14,2013/14
Mohammad Hafeez,Melbourne Stars,2013/14,2013/14
TIF Triffitt,Melbourne Stars,2014/15,2015/16
M Klinger,Perth Scorchers,2016/17,2015/16
SM Whiteman,Perth Scorchers,2016/17,2014/15
IR Bell,Perth Scorchers,2016/17,2016/17
MR Marsh,Perth Scorchers,2016/17,2015/16
DJ Willey,Perth Scorchers,2016/17,2015/16
AJ Turner,Perth Scorchers,2016/17,2015/16
AC Voges,Perth Scorchers,2016/17,2015/16
AC Agar,Perth Scorchers,2016/17,2015/16
JA Richardson,Perth Scorchers,2016/17,2025/26
MG Johnson,Perth Scorchers,2016/17,2017/18
AJ Tye,Perth Scorchers,2016/17,2015/16
SE Marsh,Perth Scorchers,2016/17,2015/16
HWR Cartwright,Perth Scorchers,2016/17,2013/14
TT Bresnan,Perth Scorchers,2016/17,2017/18
CT Bancroft,Perth Scorchers,2016/17,2015/16
WG Bosisto,Perth Scorchers,2017/18,2018/19
JR Philippe,Perth Scorchers,2017/18,2017/18
JP Inglis,Perth Scorchers,2017/18,2025/26
JM Muirhead,Perth Scorchers,2017/18,2014/15
TH David,Perth Scorchers,2017/18,2019/20
JS Paris,Perth Scorchers,2017/18,2015/16
M Kelly,Perth Scorchers,2017/18,2024/25
NM Coulter-Nile,Perth Scorchers,2018/19,2015/16
JP Behrendorff,Perth Scorchers,2018/19,2015/16
Usman Qadir,Perth Scorchers,2018/19,2018/19
AM Hardie,Perth Scorchers,2018/19,2025/26
C Green,Perth Scorchers,2018/19,2019/20
NR Hobson,Perth Scorchers,2018/19,2025/26
CD Hinchliffe,Perth Scorchers,2018/19,2018/19
SP Terry,Perth Scorchers,2018/19,2018/19
LS Livingstone,Perth Scorchers,2019/20,2020/21
CJ Jordan,Perth Scorchers,2019/20,2019/20
Fawad Ahmed,Perth Scorchers,2019/20,2020/21
J Morgan,Perth Scorchers,2019/20,2019/20
KR Patterson,Perth Scorchers,2019/20,2021/22
M Morkel,Perth Scorchers,2019/20,2019/20
JJ Roy,Perth Scorchers,2020/21,2020/21
C Munro,Perth Scorchers,2020/21,2021/22
JM Clarke,Perth Scorchers,2020/21,2020/21
LJ Evans,Perth Scorchers,2021/22,2025/26
P Hatzoglou,Perth Scorchers,2021/22,2022/23
TS Mills,Perth Scorchers,2021/22,2021/22
LR Morris,Perth Scorchers,2021/22,2024/25
CJM Sabburg,Perth Scorchers,2021/22,2021/22
DJM Moody,Perth Scorchers,2021/22,2021/22
A Lyth,Perth Scorchers,2022/23,2022/23
F du Plessis,Perth Scorchers,2022/23,2022/23
SS Eskinazi,Perth Scorchers,2022/23,2023/24
C Connolly,Perth Scorchers,2022/23,2025/26
DA Payne,Perth Scorchers,2022/23,2025/26
H McKenzie,Perth Scorchers,2023/24,2023/24
Z Crawley,Perth Scorchers,2023/24,2023/24
S Fanning,Perth Scorchers,2023/24,2025/26
MS Harris,Perth Scorchers,2023/24,2015/16
FH Allen,Perth Scorchers,2024/25,2025/26
KK Jennings,Perth Scorchers,2024/25,2024/25
MF Hurst,Perth Scorchers,2024/25,2024/25
M Spoors,Perth Scorchers,2024/25,2024/25
M Beardman,Perth Scorchers,2024/25,2025/26
BL Couch,Perth Scorchers,2025/26,2025/26
JL Curtis,Perth Scorchers,2025/26,2025/26
L Holt,Perth Scorchers,2025/26,2025/26
HH Gibbs,Perth Scorchers,2011/12,2012/13
MJ North,Perth Scorchers,2011/12,2012/13
SM Katich,Perth Scorchers,2011/12,2013/14
MEK Hussey,Perth Scorchers,2011/12,2012/13
PD Collingwood,Perth Scorchers,2011/12,2011/12
L Ronchi,Perth Scorchers,2011/12,2011/12
GB Hogg,Perth Scorchers,2011/12,2015/16
NJ Rimmington,Perth Scorchers,2011/12,2011/12
MA Beer,Perth Scorchers,2011/12,2013/14
BM Edmondson,Perth Scorchers,2011/12,2012/13
JK Lalor,Perth Scorchers,2011/12,2011/12
TIF Triffitt,Perth Scorchers,2012/13,2012/13
JM Mennie,Perth Scorchers,2012/13,2012/13
MP Stoinis,Perth Scorchers,2012/13,2012/13
AC Thomas,Perth Scorchers,2012/13,2013/14
TJ Armstrong,Perth Scorchers,2013/14,2013/14
Yasir Arafat,Perth Scorchers,2013/14,2014/15
CJ Simmons,Perth Scorchers,2013/14,2013/14
PJ Cummins,Perth Scorchers,2013/14,2013/14
MA Carberry,Perth Scorchers,2014/15,2015/16
MW Dixon,Perth Scorchers,2014/15,2014/15
DP Hughes,Sydney Sixers,2016/17,2012/13
JJ Roy,Sydney Sixers,2016/17,2017/18
MC Henriques,Sydney Sixers,2016/17,2015/16
DE Bollinger,Sydney Sixers,2016/17,2015/16
J Botha,Sydney Sixers,2016/17,2015/16
BJ Dwarshuis,Sydney Sixers,2016/17,2015/16
BJ Haddin,Sydney Sixers,2016/17,2015/16
SA Abbott,Sydney Sixers,2016/17,2015/16
JM Mennie,Sydney Sixers,2016/17,2016/17
SNJ O'Keefe,Sydney Sixers,2016/17,2015/16
SW Billings,Sydney Sixers,2016/17,2017/18
JC Silk,Sydney Sixers,2016/17,2015/16
RGL Carters,Sydney Sixers,2016/17,2015/16
WER Somerville,Sydney Sixers,2016/17,2015/16
NJ Maddinson,Sydney Sixers,2016/17,2015/16
HTRY Thornton,Sydney Sixers,2016/17,2016/17
MJ Lumb,Sydney Sixers,2016/17,2015/16
JM Bird,Sydney Sixers,2016/17,2015/16
NM Lyon,Sydney Sixers,2016/17,2015/16
C Munro,Sydney Sixers,2016/17,2016/17
PM Nevill,Sydney Sixers,2017/18,2011/12
DR Sams,Sydney Sixers,2017/18,2017/18
MW Edwards,Sydney Sixers,2017/18,2021/22
JL Denly,Sydney Sixers,2017/18,2018/19
CR Brathwaite,Sydney Sixers,2017/18,2020/21
J Edwards,Sydney Sixers,2018/19,2025/26
JR Philippe,Sydney Sixers,2018/19,2025/26
TK Curran,Sydney Sixers,2018/19,2023/24
L Pope,Sydney Sixers,2018/19,2021/22
GA West,Sydney Sixers,2018/19,2018/19
BAD Manenti,Sydney Sixers,2018/19,2025/26
J Avendano,Sydney Sixers,2018/19,2021/22
JM Vince,Sydney Sixers,2018/19,2024/25
H Kerr,Sydney Sixers,2019/20,2025/26
JR Hazlewood,Sydney Sixers,2019/20,2013/14
SPD Smith,Sydney Sixers,2019/20,2013/14
DT Christian,Sydney Sixers,2020/21,2022/23
JT Ball,Sydney Sixers,2020/21,2020/21
GS Sandhu,Sydney Sixers,2020/21,2020/21
JO Holder,Sydney Sixers,2020/21,2020/21
CJ Jordan,Sydney Sixers,2021/22,2022/23
T Murphy,Sydney Sixers,2021/22,2025/26
Shadab Khan,Sydney Sixers,2021/22,2021/22
NL Bertus,Sydney Sixers,2021/22,2021/22
JM Carder,Sydney Sixers,2021/22,2021/22
JS Lenton,Sydney Sixers,2021/22,2021/22
KR Patterson,Sydney Sixers,2022/23,2012/13
Izharulhaq Naveed,Sydney Sixers,2022/23,2022/23
Naveen-ul-Haq,Sydney Sixers,2022/23,2022/23
JA Davies,Sydney Sixers,2023/24,2025/26
L Shaw,Sydney Sixers,2024/25,2025/26
AJ Hosein,Sydney Sixers,2024/25,2024/25
JA Chohan,Sydney Sixers,2024/25,2025/26
M Perry,Sydney Sixers,2024/25,2025/26
Babar Azam,Sydney Sixers,2025/26,2025/26
CH Stobo,Sydney Sixers,2025/26,2025/26
KW Richardson,Sydney Sixers,2025/26,2025/26
SM Curran,Sydney Sixers,2025/26,2025/26
MA Starc,Sydney Sixers,2025/26,2014/15
B Lee,Sydney Sixers,2011/12,2014/15
DJ Bravo,Sydney Sixers,2011/12,2011/12
EJM Cowan,Sydney Sixers,2011/12,2015/16
SCG MacGill,Sydney Sixers,2011/12,2011/12
DJ Thornely,Sydney Sixers,2011/12,2012/13
BJ Rohrer,Sydney Sixers,2011/12,2011/12
IA Moran,Sydney Sixers,2011/12,2012/13
NL McCullum,Sydney Sixers,2011/12,2011/12
DA Warner,Sydney Sixers,2012/13,2012/13
BMAJ Mendis,Sydney Sixers,2012/13,2012/13
LW Feldman,Sydney Sixers,2012/13,2012/13
DLR Smith,Sydney Sixers,2012/13,2013/14
SP Narine,Sydney Sixers,2012/13,2012/13
JK Lalor,Sydney Sixers,2012/13,2013/14
SMSM Senanayake,Sydney Sixers,2012/13,2012/13
MJ Cosgrove,Sydney Sixers,2013/14,2013/14
RS Bopara,Sydney Sixers,2013/14,2013/14
MJ North,Sydney Sixers,2013/14,2013/14
CT Tremlett,Sydney Sixers,2013/14,2013/14
TA Copeland,Sydney Sixers,2013/14,2013/14
LA Doran,Sydney Sixers,2014/15,2014/15
MH Wessels,Sydney Sixers,2014/15,2014/15
SJC Keen,Sydney Sixers,2014/15,2014/15
TL Lawford,Sydney Sixers,2015/16,2015/16
NCR Larkin,Sydney Sixers,2015/16,2015/16
KR Patterson,Sydney Thunder,2016/17,2015/16
RJ Gibson,Sydney Thunder,2016/17,2017/18
EJG Morgan,Sydney Thunder,2016/17,2014/15
BJ Rohrer,Sydney Thunder,2016/17,2015/16
JR Doran,Sydney Thunder,2016/17,2014/15
AD Russell,Sydney Thunder,2016/17,2015/16
CJ Green,Sydney Thunder,2016/17,2015/16
PJ Cummins,Sydney Thunder,2016/17,2014/15
CJ McKay,Sydney Thunder,2016/17,2015/16
GS Sandhu,Sydney Thunder,2016/17,2015/16
Fawad Ahmed,Sydney Thunder,2016/17,2015/16
AJ Nair,Sydney Thunder,2016/17,2021/22
SR Watson,Sydney Thunder,2016/17,2015/16
JS Lenton,Sydney Thunder,2016/17,2019/20
AC Blizzard,Sydney Thunder,2016/17,2015/16
JM Vince,Sydney Thunder,2016/17,2017/18
CR Brathwaite,Sydney Thunder,2016/17,2016/17
JC Buttler,Sydney Thunder,2017/18,2018/19
AL Fekete,Sydney Thunder,2017/18,2017/18
MJ McClenaghan,Sydney Thunder,2017/18,2017/18
CJ Ferguson,Sydney Thunder,2017/18,2020/21
UT Khawaja,Sydney Thunder,2017/18,2015/16
JE Root,Sydney Thunder,2018/19,2018/19
JJS Sangha,Sydney Thunder,2018/19,2024/25
DR Sams,Sydney Thunder,2018/19,2025/26
N McAndrew,Sydney Thunder,2018/19,2015/16
SL Rainbird,Sydney Thunder,2018/19,2018/19
JD Cook,Sydney Thunder,2018/19,2020/21
AP Devcich,Sydney Thunder,2018/19,2018/19
CJ Jordan,Sydney Thunder,2018/19,2018/19
M Gilkes,Sydney Thunder,2018/19,2025/26
BJ Holt,Sydney Thunder,2018/19,2021/22
AD Hales,Sydney Thunder,2019/20,2023/24
AI Ross,Sydney Thunder,2019/20,2023/24
CP Tremain,Sydney Thunder,2019/20,2014/15
CH Morris,Sydney Thunder,2019/20,2019/20
B Doggett,Sydney Thunder,2019/20,2022/23
L Bowe,Sydney Thunder,2019/20,2019/20
BCJ Cutting,Sydney Thunder,2020/21,2022/23
T Sangha,Sydney Thunder,2020/21,2025/26
O Davies,Sydney Thunder,2020/21,2025/26
AF Milne,Sydney Thunder,2020/21,2020/21
SW Billings,Sydney Thunder,2020/21,2025/26
SM Whiteman,Sydney Thunder,2021/22,2022/23
S Mahmood,Sydney Thunder,2021/22,2021/22
Mohammad Hasnain,Sydney Thunder,2021/22,2024/25
RR Rossouw,Sydney Thunder,2022/23,2022/23
Fazalhaq Farooqi,Sydney Thunder,2022/23,2022/23
Usman Qadir,Sydney Thunder,2022/23,2022/23
JA Davies,Sydney Thunder,2022/23,2022/23
DA Warner,Sydney Thunder,2022/23,2013/14
B Nikitaras,Sydney Thunder,2022/23,2024/25
RR Pawson,Sydney Thunder,2022/23,2022/23
CT Bancroft,Sydney Thunder,2023/24,2025/26
LC Hatcher,Sydney Thunder,2023/24,2023/24
Zaman Khan,Sydney Thunder,2023/24,2023/24
T Kohler-Cadmore,Sydney Thunder,2023/24,2023/24
TW Gray,Sydney Thunder,2023/24,2023/24
S Konstas,Sydney Thunder,2024/25,2025/26
SE Rutherford,Sydney Thunder,2024/25,2024/25
LH Ferguson,Sydney Thunder,2024/25,2024/25
TD Andrews,Sydney Thunder,2024/25,2025/26
WA Agar,Sydney Thunder,2024/25,2025/26
HD Weibgen,Sydney Thunder,2024/25,2024/25
DT Christian,Sydney Thunder,2024/25,2024/25
GHS Garton,Sydney Thunder,2024/25,2024/25
Shadab Khan,Sydney Thunder,2025/26,2025/26
RJW Topley,Sydney Thunder,2025/26,2025/26
R Hadley,Sydney Thunder,2025/26,2025/26
NJ Maddinson,Sydney Thunder,2025/26,2025/26
DJ Willey,Sydney Thunder,2025/26,2025/26
AP O'Connor,Sydney Thunder,2025/26,2025/26
CH Gayle,Sydney Thunder,2011/12,2012/13
DLR Smith,Sydney Thunder,2011/12,2011/12
CA Philipson,Sydney Thunder,2011/12,2011/12
BR Dunk,Sydney Thunder,2011/12,2011/12
SJ Coyte (2),Sydney Thunder,2011/12,2013/14
SA Abbott,Sydney Thunder,2011/12,2012/13
LA Doran,Sydney Thunder,2011/12,2012/13
DE Bollinger,Sydney Thunder,2011/12,2011/12
FH Edwards,Sydney Thunder,2011/12,2011/12
JS Floros,Sydney Thunder,2011/12,2013/14
TD Cruickshank,Sydney Thunder,2011/12,2011/12
LR Butterworth,Sydney Thunder,2011/12,2011/12
TJ Armstrong,Sydney Thunder,2011/12,2011/12
MR Day,Sydney Thunder,2011/12,2011/12
ND Bills,Sydney Thunder,2011/12,2011/12
MJ Guptill,Sydney Thunder,2012/13,2012/13
CJL Rogers,Sydney Thunder,2012/13,2012/13
CJ Borgas,Sydney Thunder,2012/13,2013/14
RJG Lockyear,Sydney Thunder,2012/13,2012/13
RGL Carters,Sydney Thunder,2012/13,2013/14
DP Nannes,Sydney Thunder,2012/13,2014/15
MJ Cosgrove,Sydney Thunder,2012/13,2012/13
Azhar Mahmood,Sydney Thunder,2012/13,2012/13
A Zampa,Sydney Thunder,2012/13,2012/13
MJ Prior,Sydney Thunder,2012/13,2012/13
SJC Keen,Sydney Thunder,2012/13,2012/13
MEK Hussey,Sydney Thunder,2013/14,2015/16
CR Woakes,Sydney Thunder,2013/14,2013/14
BS Dean,Sydney Thunder,2013/14,2013/14
CS Sandri,Sydney Thunder,2013/14,2013/14
LW Feldman,Sydney Thunder,2013/14,2013/14
DP Hughes,Sydney Thunder,2013/14,2014/15
TM Dilshan,Sydney Thunder,2013/14,2013/14
BAW Mendis,Sydney Thunder,2013/14,2013/14
AJ Tye,Sydney Thunder,2013/14,2013/14
JH Kallis,Sydney Thunder,2014/15,2015/16
NM Hauritz,Sydney Thunder,2014/15,2014/15
CD Hartley,Sydney Thunder,2014/15,2015/16
AB McDonald,Sydney Thunder,2014/15,2015/16
JK Lalor,Sydney Thunder,2014/15,2014/15
CS Delport,Sydney Thunder,2014/15,2014/15
AR Beadle,Sydney Thunder,2014/15,2014/15
JJ Roy,Sydney Thunder,2014/15,2014/15
IA Moran,Sydney Thunder,2014/15,2014/15
HM Nicholls,Sydney Thunder,2015/16,2015/16
